chunk,guided
1,0.011509
2,0.011736
4,0.013104
8,0.013808
10,0.014143
16,0.014635
32,0.016215
100,0.018255
500,0.020820
