chunk,dynamic
1,0.016101
2,0.015733
4,0.015962
8,0.016232
10,0.016236
16,0.015868
32,0.016053
100,0.018222
500,0.020596
