chunk,static
1,0.012365
2,0.012632
4,0.013401
8,0.014089
10,0.014899
16,0.015546
32,0.015862
100,0.018006
500,0.020852
