threads,mode 0
1,0.012916
2,0.007029
3,0.005729
4,0.004915
5,0.006837
6,0.005876
7,0.005284
8,0.004959
9,0.005627
10,0.005453
