threads,mode 3
1,0.017379
2,0.009604
3,0.007436
4,0.006459
5,0.007828
6,0.007422
7,0.006848
8,0.006517
9,0.007118
10,0.006963
