threads,mode 4
1,0.012749
2,0.007006
3,0.005721
4,0.004946
5,0.006310
6,0.005899
7,0.005282
8,0.004964
9,0.005594
10,0.005449
