threads,mode 1
1,1.000000
2,1.231633
3,0.776994
4,0.879330
5,0.433322
6,0.272122
7,0.315301
8,0.331699
9,0.245241
10,0.264160
