threads,mode 3
1,1.000000
2,0.904783
3,0.779073
4,0.672722
5,0.444011
6,0.390253
7,0.362541
8,0.333331
9,0.271283
10,0.249612
