threads,mode 5
1,1.000000
2,0.892469
3,0.761787
4,0.696734
5,0.415436
6,0.391700
7,0.368155
8,0.338548
9,0.266012
10,0.250031
