threads,mode 2
1,1.000000
2,0.958646
3,0.909118
4,0.789686
5,0.565292
6,0.479229
7,0.426539
8,0.400664
9,0.339414
10,0.313420
