threads,mode 4
1,1.000000
2,1.819709
3,2.228221
4,2.577429
5,2.020496
6,2.161026
7,2.413709
8,2.568167
9,2.279054
10,2.339548
