threads,mode 3
1,1.000000
2,1.809567
3,2.337220
4,2.690888
5,2.220057
6,2.341518
7,2.537788
8,2.666649
9,2.441545
10,2.496118
