threads,mode 1
1,1.000000
2,2.463265
3,2.330982
4,3.517320
5,2.166612
6,1.632732
7,2.207108
8,2.653593
9,2.207166
10,2.641605
