threads,mode 4
1,0.157966
2,0.103146
3,0.093285
4,0.078245
5,0.091913
6,0.089011
7,0.084712
8,0.079088
9,0.085387
10,0.084243
