threads,mode 1
1,0.078882
2,0.058586
3,0.056615
4,0.047700
5,0.052505
6,0.052304
7,0.051918
8,0.049120
9,0.051358
10,0.050693
