threads,mode 0
1,0.285130
2,0.179470
3,0.165701
4,0.137576
5,0.158755
6,0.152433
7,0.146690
8,0.139548
9,0.149686
10,0.147449
