threads,mode 2
1,0.107072
2,0.076465
3,0.071793
4,0.067846
5,0.068699
6,0.069600
7,0.067549
8,0.063990
9,0.067032
10,0.066974
