threads,mode 6
1,0.099722
2,0.069483
3,0.067600
4,0.057953
5,0.063871
6,0.064325
7,0.062712
8,0.058821
9,0.062431
10,0.061584
