threads,mode 1
1,0.079944
2,0.059001
3,0.057136
4,0.050169
5,0.054587
6,0.054189
7,0.053246
8,0.050888
9,0.053030
10,0.052987
