threads,mode 2
1,0.103005
2,0.074369
3,0.069483
4,0.059727
5,0.065902
6,0.066047
7,0.064346
8,0.060377
9,0.064240
10,0.063882
