threads,mode 4
1,0.158228
2,0.101901
3,0.091721
4,0.075033
5,0.090206
6,0.087346
7,0.082779
8,0.077234
9,0.084472
10,0.082128
