threads,mode 3
1,0.077598
2,0.056751
3,0.055893
4,0.047592
5,0.052230
6,0.052550
7,0.051807
8,0.048768
9,0.051264
10,0.050728
