threads,mode 5
1,0.267387
2,0.161424
3,0.153091
4,0.124588
5,0.148860
6,0.141592
7,0.136102
8,0.127196
9,0.141404
10,0.138350
