threads,mode 5
1,0.272008
2,0.165607
3,0.154502
4,0.131102
5,0.149741
6,0.141975
7,0.137015
8,0.130159
9,0.143385
10,0.140698
