threads,mode 0
1,0.284692
2,0.179407
3,0.165889
4,0.136163
5,0.158590
6,0.152860
7,0.146615
8,0.138834
9,0.149377
10,0.146842
