threads,mode 3
1,0.077978
2,0.059551
3,0.057636
4,0.050111
5,0.053542
6,0.053611
7,0.053748
8,0.050474
9,0.052587
10,0.052957
