threads,mode 3
1,1.000000
2,0.654712
3,0.450976
4,0.389027
5,0.291277
6,0.242416
7,0.207258
8,0.193112
9,0.164758
10,0.147247
