threads,mode 1
1,1.000000
2,0.677480
3,0.466398
4,0.398372
5,0.292904
6,0.245881
7,0.214489
8,0.196374
9,0.167503
10,0.150876
