threads,mode 2
1,1.000000
2,0.700135
3,0.497133
4,0.394541
5,0.311712
6,0.256398
7,0.226443
8,0.209159
9,0.177483
10,0.159872
