threads,mode 3
1,1.000000
2,0.683667
3,0.462780
4,0.407619
5,0.297136
6,0.246106
7,0.213975
8,0.198895
9,0.168188
10,0.152969
