threads,mode 4
1,1.000000
2,0.776382
3,0.575031
4,0.527194
5,0.350814
6,0.301917
7,0.273063
8,0.256086
9,0.208126
10,0.192659
