threads,mode 5
1,1.000000
2,0.828212
3,0.582194
4,0.536542
5,0.359246
6,0.314740
7,0.280657
8,0.262771
9,0.210105
10,0.193269
