threads,mode 4
1,1.000000
2,0.765738
3,0.564455
4,0.504716
5,0.343731
6,0.295781
7,0.266392
8,0.249667
9,0.205554
10,0.187512
