threads,mode 5
1,1.000000
2,0.821246
3,0.586848
4,0.518695
5,0.363304
6,0.319313
7,0.283606
8,0.261226
9,0.210782
10,0.193327
