threads,mode 2
1,1.000000
2,0.692521
3,0.494150
4,0.431151
5,0.312599
6,0.259929
7,0.228684
8,0.213252
9,0.178161
10,0.161242
