threads,mode 0
1,1.000000
2,0.793427
3,0.572054
4,0.522703
5,0.359030
6,0.310406
7,0.277396
8,0.256324
9,0.211762
10,0.193876
