threads,mode 0
1,1.000000
2,0.794364
3,0.573581
4,0.518131
5,0.359207
6,0.311754
7,0.277679
8,0.255405
9,0.211650
10,0.193375
