threads,mode 6
1,1.000000
2,0.717595
3,0.491722
4,0.430182
5,0.312259
6,0.258379
7,0.227166
8,0.211919
9,0.177479
10,0.161929
