threads,mode 1
1,1.000000
2,0.673214
3,0.464437
4,0.413432
5,0.300475
6,0.251358
7,0.217051
8,0.200738
9,0.170660
10,0.155606
