threads,mode 6
1,1.000000
2,1.435190
3,1.475167
4,1.720729
5,1.561295
6,1.550275
7,1.590161
8,1.695353
9,1.597310
10,1.619289
