threads,mode 1
1,1.000000
2,1.354959
3,1.399193
4,1.593489
5,1.464518
6,1.475288
7,1.501421
8,1.570992
9,1.507529
10,1.508759
