threads,mode 0
1,1.000000
2,1.586853
3,1.716163
4,2.090814
5,1.795149
6,1.862439
7,1.941772
8,2.050590
9,1.905862
10,1.938763
