threads,mode 5
1,1.000000
2,1.656424
3,1.746583
4,2.146169
5,1.796230
6,1.888437
7,1.964599
8,2.102168
9,1.890942
10,1.932689
