threads,mode 1
1,1.000000
2,1.346428
3,1.393310
4,1.653727
5,1.502373
6,1.508145
7,1.519357
8,1.605904
9,1.535936
10,1.556061
