threads,mode 3
1,1.000000
2,1.309424
3,1.352927
4,1.556107
5,1.456386
6,1.454498
7,1.450804
8,1.544898
9,1.482820
10,1.472465
