threads,mode 2
1,1.000000
2,1.385042
3,1.482450
4,1.724603
5,1.562994
6,1.559574
7,1.600787
8,1.706014
9,1.603446
10,1.612422
