threads,mode 4
1,1.000000
2,1.552764
3,1.725093
4,2.108774
5,1.754070
6,1.811502
7,1.911438
8,2.048685
9,1.873133
10,1.926589
