threads,mode 0
1,1.000000
2,1.588729
3,1.720743
4,2.072522
5,1.796034
6,1.870525
7,1.943753
8,2.043239
9,1.904851
10,1.933750
