threads,mode 2
1,1.000000
2,1.400270
3,1.491400
4,1.578163
5,1.558561
6,1.538387
7,1.585100
8,1.673274
9,1.597343
10,1.598723
