threads,mode 4
1,1.000000
2,1.531476
3,1.693364
4,2.018864
5,1.718654
6,1.774685
7,1.864742
8,1.997338
9,1.849987
10,1.875116
