threads,mode 3
1,1.000000
2,1.367335
3,1.388340
4,1.630476
5,1.485681
6,1.476636
7,1.497827
8,1.591160
9,1.513695
10,1.529694
