threads,mode 5
1,1.000000
2,1.642492
3,1.760543
4,2.074781
5,1.816521
6,1.915881
7,1.985245
8,2.089810
9,1.897041
10,1.933272
