threads,mode 2
1,0.025239
2,0.013164
3,0.009254
4,0.007990
5,0.008930
6,0.008778
7,0.008453
8,0.007874
9,0.008262
10,0.008053
