threads,mode 1
1,0.017338
2,0.007039
3,0.007438
4,0.004929
5,0.008002
6,0.010619
7,0.007856
8,0.006534
9,0.007855
10,0.006564
