threads,mode 5
1,0.022069
2,0.012364
3,0.009657
4,0.007919
5,0.010624
6,0.009390
7,0.008564
8,0.008148
9,0.009218
10,0.008826
