threads,mode 0
1,1.000000
2,0.918804
3,0.751476
4,0.656989
5,0.377838
6,0.366331
7,0.349202
8,0.325589
9,0.255052
10,0.236836
