threads,mode 4
1,1.000000
2,0.909854
3,0.742740
4,0.644357
5,0.404099
6,0.360171
7,0.344816
8,0.321021
9,0.253228
10,0.233955
