threads,mode 5
1,1.000000
2,1.784937
3,2.285362
4,2.786938
5,2.077180
6,2.350200
7,2.577083
8,2.708383
9,2.394112
10,2.500315
