threads,mode 0
1,1.000000
2,1.837607
3,2.254429
4,2.627956
5,1.889190
6,2.197985
7,2.444415
8,2.604713
9,2.295468
10,2.368361
