threads,mode 2
1,1.000000
2,1.917291
3,2.727354
4,3.158743
5,2.826459
6,2.875376
7,2.985774
8,3.205313
9,3.054729
10,3.134195
